Objectives,Queries
Tamuzimod safety findings and adverse events in Moderately to severely active ulcerative colitis Ulcerative Colitis,"[""Tamuzimod long-term extension safety ulcerative colitis"", ""Tamuzimod maintenance adverse events ulcerative colitis"", ""Tamuzimod UEGW 2024 safety"", ""Tamuzimod open-label extension adverse events""]"
"C. difficile Infection Episode: Receipt of SOC Antibacterial Therapy (Fidaxomicin, Vancomycin, Metronidazole) With Planned Duration 10–25 Days at Time of IMP Administration competing agents in the same mechanistic class as AZD5148, including Monoclonal Antibody targeting Clostridioides Difficile Toxin B TcdB","[""AZD5148 competing anti-TcdB monoclonal antibodies Phase 2 2026"", ""AZD5148 TcdB antibody competitors licensing"", ""AZD5148 RePreve comparator anti-toxin antibody"", ""AZD5148 TcdB epitope binding mechanism"", ""AZD5148 clinical pipeline TcdB antibody 2026""]"
Distal Ulcerative Colitis competing agents in the same mechanistic class as RpoB Small Molecule,"[""Distal Ulcerative Colitis RpoB inhibitors pipeline"", ""Distal Ulcerative Colitis RpoB competitors Phase 2"", ""Distal Ulcerative Colitis RpoB mechanism clinical trial""]"
"competing agents in the same mechanistic class for this indication MT501, Mirador Therapeutics, Crohn's Disease, Moderately to Severely Active by CDAI and SES-CD","[""MT501 mechanism of action mechanistic class"", ""MT501 Crohn's disease target pathway"", ""MT501 inflammatory bowel disease competitors same mechanism""]"
SOR102 safety findings and adverse events in Crohn's Disease Ulcerative Colitis,"[""SOR102 Crohn's disease safety adverse events"", ""SOR102-101 registry identifier safety"", ""SOR102 ulcerative colitis individual adverse events infections deaths"", ""SOR102 Grade 3 adverse events 810 mg"", ""SOR102 900 mg 42-day safety results""]"
"Moderately to Severely Active Crohn's Disease Moderately to Severely Active Crohn’s Disease Refractory to Systemic Therapies Moderately to Severely Active Ulcerative Colitis Refractory to Systemic Therapies Moderately to Severely Active Ulcerative Colitis with inadequate response, loss of response, or intolerance to ≥1 biologic or novel oral with biologic-like activity competing agents in the same mechanistic class as JNJ-4804 Co Antibody Therapy, including Antibody Cocktail Monoclonal Antibody and IL-23 IL23A TNF-α Tumor Necrosis Factor Alpha therapies","[""JNJ-4804 guselkumab golimumab IL-23 TNF-α competitors IBD"", ""JNJ-4804 IL-23 TNF-α dual antibody competing agents IBD"", ""JNJ-4804 same mechanistic class IBD pipeline"", ""JNJ-4804 competing IL-23 TNF-α antibody Crohn's disease ulcerative colitis""]"
Ulcerative Colitis competing agents in the same mechanistic class as FN1 IL-10RB IL10RA Interleukin-10 Antibody-Cytokine Conjugate Fusion Protein Biologic,"[""Dekavil ulcerative colitis IL-10 fusion competitors"", ""Dekavil ulcerative colitis antibody-cytokine fusion pipeline"", ""Dekavil PF-06687234 sponsor ownership"", ""Dekavil ulcerative colitis current development status""]"
"Clostridioides Difficile Colitis competing agents in the same mechanistic class as LMN-201, including Antibody Fragment Enzyme Biological Biologic Cocktail and Clostridioides Difficile Toxin B TcdB therapies","[""LMN-201 TcdB antitoxin competitors Phase 2 clinical"", ""LMN-201 PA-41 development phase"", ""LMN-201 BL5-6.2 clinical development"", ""LMN-201 AZD5148 clinical trial regulatory status"", ""LMN-201 bezlotoxumab withdrawal current status""]"
Inflammatory Bowel Disease competing agents in the same mechanistic class as CHRM1 CHRM3 CHRM4 CHRM5 Small Molecule,"[""Dicyclomine inflammatory bowel disease muscarinic competitors"", ""Dicyclomine IBD CHRM pipeline"", ""Dicyclomine inflammatory bowel disease clinical development""]"
"competing agents in the same mechanistic class for this indication LY4395089, Eli Lilly & Company, Crohn''s Disease","[""LY4395089 mechanism target Crohn’s disease"", ""LY4395089 competing agents Crohn’s disease same mechanism""]"
Inflammatory Bowel Disease competing agents in the same mechanistic class as Small Molecule targeting ITGA4 ITGB7 Integrin Alpha-4 Beta-7,"[""α4β7 Inhibitor etrolizumab mechanism IBD"", ""α4β7 Inhibitor vedolizumab current development status 2026"", ""α4β7 Inhibitor abrilumab current status IBD"", ""α4β7 Inhibitor Phase 2 Phase 3 Crohn's disease competitors"", ""α4β7 Inhibitor AJM300 natalizumab class comparison""]"
"Lenvatinib + Nofazinlimab pivotal, registrational, or Phase 3 trial in Unresectable or Metastatic Hepatocellular Carcinoma: planned or initiated status and expected start date","[""Lenvatinib + Nofazinlimab NCT04194775 first patient enrollment date"", ""Lenvatinib + Nofazinlimab NCT04194775 current trial status""]"
SD-133 in vivo single-agent monotherapy tumour growth inhibition TGI tumour regression or shrinkage in Pancreatic ductal adenocarcinoma animal models,"[""SD-133 pancreatic ductal adenocarcinoma monotherapy xenograft TGI"", ""SD-133 tumour regression pancreatic cancer animal model""]"
Sirpiglenastat in vivo single-agent monotherapy tumour growth inhibition TGI tumour regression or shrinkage in Pancreatic ductal adenocarcinoma animal models,"[""Sirpiglenastat PDAC monotherapy TGI xenograft"", ""DRP-104 pancreatic cancer single-agent tumour regression"", ""Sirpiglenastat pancreatic PDX monotherapy tumour volume"", ""DRP-104 PDAC xenograft dose response"", ""Sirpiglenastat pancreatic cancer in vivo monotherapy""]"
GFH375/VS-7375 in vivo monotherapy tumour growth inhibition TGI tumour regression tumour shrinkage in KRAS G12D-Mutated/MTAP-Deleted Pancreatic Ductal Adenocarcinoma animal models,"[""GFH375 VS-7375 quantitative TGI KP4 PDAC monotherapy"", ""GFH375 VS-7375 MTAP-deleted KP4 monotherapy tumour regression"", ""GFH375 VS-7375 MTAP-deleted pancreatic xenograft single-agent TGI"", ""GFH375 VS-7375 AsPC-1 Panc 04.03 monotherapy tumour volume data""]"
PLM-103 in vivo single-agent monotherapy tumour growth inhibition TGI tumour regression tumour shrinkage in Pancreatic ductal adenocarcinoma (PDAC) animal models,"[""PLM-103 PDAC xenograft monotherapy tumour regression TGI""]"
SW-682 in vivo single-agent monotherapy tumour growth inhibition TGI tumour regression or shrinkage in Head and Neck Squamous Cell Carcinoma animal models,"[""SW-682 CAL-33 SCC-25 xenograft tumour growth inhibition monotherapy"", ""SW-682 HNSCC xenograft tumour regression monotherapy"", ""SW-682 CAL-33 SCC-25 tumour volume TGI""]"
"SPR2015 in vivo animal models and results: cell-line xenograft CDX, patient-derived xenograft PDX, syngeneic, orthotopic, or genetically engineered models","[""SPR2015 HNSCC in vivo xenograft"", ""SPR2015 PDAC patient-derived xenograft"", ""SPR2015 PDAC syngeneic model"", ""SPR2015 PDAC genetically engineered mouse model"", ""SPR2015 HPAC AsPC-1 tumour volume percentage inhibition""]"
"Innovent Biologics Inc. descriptions of IBI-3001's advantage over existing treatments for Head and Neck Squamous Cell Carcinoma in investor materials, earnings calls, investor day presentations, and press releases","[""IBI-3001 HNSCC investor presentation treatment advantage"", ""IBI3001 recurrent metastatic HNSCC Innovent press release"", ""IBI3001 HNSCC first-line standard of care comparison""]"
"Inflammatory Bowel Disease competing agents in the same mechanistic class as JTO2, including Monoclonal Antibody and CXCL10 therapies","[""JTO2 CXCL10 inflammatory bowel disease competitors"", ""JTO2 anti-CXCL10 monoclonal antibody IBD pipeline"", ""JTO2 CXCL10 clinical trial inflammatory bowel disease""]"
"Crohn's Disease Ulcerative Colitis competing agents with the same mechanistic class as S1PR S1PR1 Sphingosine-1-phosphate receptor, including Small Molecule","[""Mocravimod IBD S1PR competitors licensing status"", ""Mocravimod Crohn's disease ulcerative colitis S1PR1 agents"", ""Mocravimod etrasimod ozanimod head-to-head IBD"", ""Mocravimod IBD partnering in-licensing"", ""Mocravimod ClinicalTrials.gov Crohn's ulcerative colitis""]"
"competing agents in the same mechanistic class for this indication Novel UC Treatment, Cosmo Health, Distal Ulcerative Colitis","[""Novel UC Treatment mechanism of action ulcerative colitis"", ""Novel UC Treatment target mechanistic class UC"", ""Novel UC Treatment Phase 2 competitor landscape ulcerative colitis""]"
"Inflammatory Bowel Diseases Mild-to-moderate ulcerative colitis Ulcerative Colitis competing agents with the same mechanistic class as Gut Microbiome Dysbiosis, including Live Biotherapeutic Product","[""VE202 Phase 2 current status licensing"", ""MB310 Phase 2 Microbiotica licensing"", ""SER-287 ulcerative colitis development status licensing"", ""EXL01 ReMind Phase 2 licensing Crohn's disease""]"
Ulcerative Colitis competing agents in the same mechanistic class as ITGA4 ITGB7 Integrin Alpha-4 Beta-7 Integrin α4β7 Small Molecule therapies,"[""emvistegrast α4β7 ulcerative colitis Phase 2 competitors"", ""emvistegrast α4β7 ulcerative colitis pipeline Phase 3"", ""emvistegrast α4β7 ulcerative colitis licensing"", ""emvistegrast integrin alpha-4 beta-7 ulcerative colitis clinical trial""]"
"Ulcerative Colitis competing agents with the same mechanism of action as HEMAY007, targeting TNF-α Tumor Necrosis Factor Alpha","[""HEMAY007 ulcerative colitis anti-TNF Phase 2 competitors"", ""HEMAY007 ulcerative colitis anti-TNF licensing availability"", ""HEMAY007 TNF-alpha ulcerative colitis clinical development status"", ""HEMAY007 ulcerative colitis anti-TNF biosimilar landscape""]"
BM-013 first regulatory approval or market launch year in acute myeloid leukemia,"[""BM-013 acute myeloid leukemia regulatory approval launch"", ""BM-013 BIMINI Biotech approval AML"", ""BM-013 WASP AML clinical development forecast""]"
HQL-79 in vivo single-agent monotherapy tumour growth inhibition TGI tumour regression tumour shrinkage in Pancreatic ductal adenocarcinoma animal models,"[""HQL-79 pancreatic ductal adenocarcinoma in vivo"", ""HQL-79 monotherapy PDAC xenograft"", ""HQL-79 tumour regression animal model"", ""HQL-79 tumour growth inhibition pancreatic cancer""]"
HEC234055 in vivo monotherapy tumour growth inhibition TGI tumour regression tumour shrinkage in Pancreatic Ductal Adenocarcinoma animal models,"[""HEC234055 monotherapy HPAC PDAC xenograft regression"", ""HEC234055 PK-59 PDAC monotherapy tumour regression""]"
TP-317 in vivo monotherapy tumour growth inhibition TGI tumour regression tumour shrinkage in Pancreatic ductal adenocarcinoma animal models,"[""TP-317 KPC pancreatic cancer tumour regression monotherapy"", ""TP-317 KPC PDAC dose schedule monotherapy""]"
SGR-4174 in vivo single-agent monotherapy tumour growth inhibition TGI tumour regression or shrinkage in Pancreatic ductal adenocarcinoma animal models,"[""SGR-4174 Mia PaCa2 monotherapy tumour regression xenograft"", ""SGR-4174 PDAC xenograft tumour shrinkage single agent""]"
SPR2015 in vivo single-agent monotherapy tumour growth inhibition TGI tumour regression or shrinkage in Pancreatic ductal adenocarcinoma (PDAC) animal models,"[""SPR2015 HPAC xenograft TGI percentage monotherapy"", ""SPR2015 AsPC-1 xenograft tumour regression shrinkage"", ""SPR2015 PDAC monotherapy xenograft tumour growth inhibition"", ""SPR2015 HPAC AsPC-1 xenograft AACR 2026 abstract 5978""]"
PHY-003 in vivo single-agent monotherapy tumour growth inhibition TGI tumour regression tumour shrinkage in Head and Neck Squamous Cell Carcinoma animal models,"[""PHY-003 HNSCC monotherapy xenograft tumour regression"", ""PHY-003 HNSCC in vivo tumour growth inhibition dose"", ""PHY-003 head and neck squamous cell carcinoma animal model efficacy""]"
DXP-007 sponsor development stage indication public source,"[""DXP-007 sponsor"", ""DXP-007 development stage"", ""DXP-007 inflammatory bowel disease""]"
Compound 18l first regulatory approval or market launch year for acute myeloid leukemia,"[""Compound 18l ALKBH5 AML regulatory approval launch year""]"
BS-HH-002 first regulatory approval or market launch year in acute myeloid leukemia,"[""BS-HH-002 regulatory approval AML"", ""BS-HH-002 market launch AML"", ""BS-HH-002 Bensheng Pharma AML clinical development"", ""BS-HH-002 expected approval year"", ""BS-HH-002 first patient AML""]"
VAR-101 in vivo monotherapy tumour growth inhibition TGI tumour regression tumour shrinkage in Pancreatic Ductal Carcinoma animal models,"[""VAR-101 pancreatic ductal carcinoma monotherapy xenograft TGI"", ""VAR-101 pancreatic cancer tumour regression animal model"", ""VAR-101 aPKCi PDAC in vivo efficacy monotherapy""]"
IPS-06061 in vivo single-agent monotherapy tumour growth inhibition TGI tumour regression tumour shrinkage in KRAS G12D Mutant Pancreatic Ductal Adenocarcinoma animal models,"[""IPS-06061 AsPC-1 xenograft tumour regression"", ""IPS-06061 30 mg/kg TGI AsPC-1"", ""IPS-06061 day 28 tumour volume AsPC-1"", ""IPS-06061 tumour shrinkage pancreatic cancer xenograft""]"
KRAS G12D drugs approved against the target and their regulatory approval status,"[""ZE980277 KRAS G12D approval status FDA EMA"", ""ZE980277 KRAS G12D regulatory approval"", ""ZE980277 KRAS G12D approved therapy status""]"
"Inflammatory Bowel Disease competing agents in the same mechanistic class as KPG-818, including Small Molecule and Aiolos CRBN Ikaros therapies","[""KPG-818 Aiolos CRBN Ikaros inflammatory bowel disease competitors"", ""KPG-818 CELMoD IBD clinical pipeline"", ""KPG-818 CRBN degrader inflammatory bowel disease""]"
Active Ulcerative Colitis Moderate to Severe Ulcerative Colitis competing agents in the same mechanistic class as CHST15 Oligonucleotide Small Interfering RNA therapies,"[""GUT-1 CHST15 ulcerative colitis competitors"", ""GUT-1 siRNA CHST15 ulcerative colitis"", ""GUT-1 CHST15 moderate to severe ulcerative colitis pipeline""]"
"competing agents in the same mechanistic class for this indication DB-3Q, Direct Biologics LLC, Medically Refractory Crohn's Disease","[""DB-3Q MSC-derived extracellular vesicle Crohn's competitors"", ""DB-3Q extracellular vesicle Crohn's disease clinical trials"", ""DB-3Q MSC-derived EV medically refractory Crohn's""]"
"Moderately to Severely Active Ulcerative Colitis, Duration 3 Months, Modified Mayo Score 5 to 9, With Inadequate Response, Loss of Response, or Intolerance to Prior Standard-of-Care Medications competing agents in the same mechanistic class as TYK2 Small Molecule","[""D-2570 TYK2 ulcerative colitis competitor Phase 2 status""]"
"Inflammatory Bowel Disease competing agents in the same mechanistic class as VNN1, including Small Molecule therapies","[""MY009 VNN1 inflammatory bowel disease competing agents""]"
"Inflammatory Bowel Disease competing agents in the same mechanistic class as GPR52 Prostaglandin E2 Receptor EP4, including Small Molecule therapies","[""NXE0033744 Phase 2 inflammatory bowel disease"", ""NXE0033744 EP4 agonist clinical trial"", ""NXE0033744 development stage IBD"", ""NXE744 EP4 agonist competitors IBD""]"
BMF-500 first regulatory approval or market launch year in acute myeloid leukemia,"[""BMF-500 first regulatory approval AML"", ""BMF-500 expected regulatory approval AML"", ""BMF-500 market launch AML"", ""BMF-500 expected launch date AML""]"
BW-101 first regulatory approval or market launch year in acute myeloid leukemia,"[""BW-101 AML regulatory approval market launch year""]"
Dual CDK12/13 Inhibitor first regulatory approval or market launch year for acute myeloid leukemia,"[""Dual CDK12/13 Inhibitor Insilico Medicine AML approval launch"", ""Dual CDK12/13 Inhibitor Insilico Medicine AML regulatory timeline"", ""Dual CDK12/13 Inhibitor AML first market launch year""]"
dCASP1-55 first regulatory approval or market launch year in acute myeloid leukemia,"[""dCASP1-55 AML regulatory approval"", ""dCASP1-55 AML market launch"", ""dCASP1-55 University of Cincinnati AML clinical development""]"
ABSK131 in vivo single-agent monotherapy tumour growth inhibition TGI tumour regression or shrinkage in MTAP-Deleted KRAS G12D-Mutated Pancreatic Ductal Adenocarcinoma animal models,"[""ABSK131 SU.86.86 monotherapy TGI"", ""ABSK131 PDAC xenograft monotherapy tumour regression"", ""ABSK131 KRAS G12D PDAC in vivo monotherapy"", ""ABSK131 MTAP-deleted pancreatic xenograft tumour volume""]"
ONC201/dordaviprone in vivo monotherapy tumour growth inhibition TGI tumour regression tumour shrinkage in Pancreatic ductal adenocarcinoma animal models,"[""ONC201/dordaviprone PDAC monotherapy xenograft tumour growth inhibition""]"
DWP216 in vivo monotherapy tumour growth inhibition TGI tumour regression tumour shrinkage in KRAS G12C Pancreatic Ductal Adenocarcinoma animal models,"[""DWP216 KRAS G12C pancreatic ductal adenocarcinoma monotherapy xenograft tumour growth inhibition regression""]"
"HM100714 in vivo efficacy in combination with another agent in Head and Neck Squamous Cell Carcinoma, including the combination partner","[""HM100714 HNSCC combination in vivo efficacy"", ""HM100714 head and neck squamous cell carcinoma xenograft combination"", ""HM100714 combination partner xenograft"", ""HM100714 AACR HNSCC combination"", ""HM100714 cisplatin or pembrolizumab HNSCC""]"
ADT-1004 in vivo single-agent monotherapy tumour growth inhibition TGI tumour regression or shrinkage in Pancreatic ductal adenocarcinoma animal models,"[""ADT-1004 quantitative tumour growth inhibition percentage PDAC monotherapy"", ""ADT-1004 tumour regression percentage MIA PaCa-2 xenograft"", ""ADT-1004 KRAS G12D PDX tumour shrinkage monotherapy"", ""ADT-1004 KPC orthotopic tumour volume change day 27"", ""ADT-1004 MIA-AMG-R xenograft final tumour volume monotherapy""]"
"DWP216 in vivo animal models and results: cell-line xenograft (CDX), patient-derived xenograft (PDX), syngeneic, orthotopic, or genetically engineered models","[""DWP216 HNSCC in vivo xenograft monotherapy"", ""DWP216 NCI-H1373 monotherapy tumour volume"", ""DWP216 pancreatic cancer PDX syngeneic orthotopic"", ""DWP216 CAPAN-1 xenograft monotherapy 1200 mm3"", ""DWP216 genetically engineered mouse model""]"
"DB-1305/Anti-PD-L1/VEGF Bispecific Antibody patients studied in Recurrent or Disseminated HNSCC (Oral Cavity/Oropharynx/Hypopharynx/Larynx), Incurable by Local Therapies trials: biomarker selection, disease severity, line of therapy, and required prior treatment","[""DB-1305 recurrent metastatic HNSCC prior treatment line of therapy"", ""DB-1305 HNSCC PD-L1 biomarker eligibility"", ""DB-1305 HNSCC ECOG measurable disease inclusion criteria""]"
"MNPS Asset planned or expected data readouts, regulatory submissions, regulatory decisions, and expected timing in Head and Neck Cancer","[""MNPS Asset first-line recurrent metastatic head and neck cancer data readout"", ""MNPS Asset head and neck cancer regulatory submission"", ""MNPS Asset head and neck cancer regulatory decision""]"
CNP200137 first regulatory approval or market launch year for acute myeloid leukemia,"[""CNP200137 regulatory approval AML"", ""CNP200137 market launch AML""]"
"HEC234055 in vivo efficacy in combination with another agent in Pancreatic Ductal Adenocarcinoma, including the combination partner","[""HEC234055 combination pancreatic ductal adenocarcinoma in vivo"", ""HEC234055 combination partner PDAC xenograft"", ""HEC234055 AACR 2026 combination efficacy""]"
"HEC234055 in vivo animal models and results: cell-line xenograft (CDX), patient-derived xenograft (PDX), syngeneic, orthotopic, genetically engineered models","[""HEC234055 HNSCC xenograft"", ""HEC234055 PDX model"", ""HEC234055 syngeneic model"", ""HEC234055 orthotopic pancreatic model"", ""HEC234055 genetically engineered mouse model""]"
EOM613 sponsor development stage indication public source,"[""EOM613 Crohn's disease trial current status"", ""EOM613 Crohn's disease Phase 2 initiation 2026"", ""EOM613 Crohn's disease clinical trial registry""]"
FG-3149 sponsor development stage indication public source,"[""FG-3149 sponsor development stage"", ""FG-3149 Crohn's disease"", ""FG-3149 FibroGen clinical development""]"
"HDM-3018 sponsor Huadong Medicine Co. Ltd., development stage Preclinical, and indication Inflammatory Bowel Disease","[""HDM-3018 Huadong Medicine sponsor"", ""HDM-3018 development stage"", ""HDM-3018 inflammatory bowel disease indication""]"
"Granisetron in Head and Neck Cancer: clinical trial population, biomarker or severity selection, line of therapy, and required prior treatment","[""Granisetron recurrent metastatic head and neck cancer clinical trial eligibility"", ""Granisetron head and neck cancer Phase 2 prior treatment"", ""Granisetron head and neck cancer biomarker ECOG"", ""Granisetron Kyowa Kirin head and neck cancer trial""]"
"HPV Vaccine (HAd5 Vector) in Head and Neck Cancer: clinical trial population, biomarker or severity selection, line of therapy, and required prior treatment","[""HPV Vaccine (HAd5 Vector) ImmunityBio head and neck cancer clinical trial eligibility"", ""HPV Vaccine (HAd5 Vector) ImmunityBio HPV biomarker head and neck cancer"", ""HPV Vaccine (HAd5 Vector) ImmunityBio recurrent metastatic head and neck cancer prior treatment"", ""HPV Vaccine (HAd5 Vector) ImmunityBio phase 2 trial inclusion criteria""]"