row_id,label,objective,answer,missing,correct,complete,subject,useful,rank,notes
q003,A,Distal Ulcerative Colitis competing agents in the same mechanistic class as RpoB Small Molecule,"Cosmo N.V.’s investigational rifamycin enema is being studied for distal ulcerative colitis and ulcerative proctitis. It contains rifamycin sodium and is formulated to form a bio-adhesive gel after administration, delivering the active drug to the distal colon and rectum. Cosmo says it combines rifamycin’s antibiotic and anti-inflammatory properties with precision delivery, mucosal adherence and a neutral-pH formulation, and describes it as having the potential to be a first-in-class advancement in topical treatment. The Phase II study evaluates safety and efficacy; enrolment was completed on May 18, 2026, with 77 patients enrolled at 24 clinical sites in Europe (EUCT 2023-506917-23-00). Topline results were expected in fall 2026. Cosmo characterizes distal ulcerative colitis and ulcerative proctitis as an unmet medical need; it says current options can be constrained by suboptimal topical efficacy or unnecessary systemic exposure, innovation in topical rectal therapies has been limited, and no new treatments had been approved in the United States for several years. [S17]","RpoB’s mechanism or target and its route, dose, schedule, development stage, trial details, regulatory designations and results; whether rifamycin enema shares RpoB’s mechanistic class; and whether other agents for distal ulcerative colitis share that class.",,,,,,
q003,B,,(EMPTY: No data available),"RpoB’s mechanism or mechanistic class is not stated, so same-class competing agents for distal ulcerative colitis cannot be identified.",,,,,,
q003,C,,(EMPTY: No data available),no web evidence passed the filter,,,,,,
q003,D,,"For distal ulcerative colitis, Cosmo’s rifamycin enema is in Phase II for distal ulcerative colitis and ulcerative proctitis. Cosmo announced completion of enrolment on May 18, 2026; the trial (EUCT 2023-506917-23-00) enrolled 77 patients at 24 clinical sites in Europe and is designed to evaluate safety and efficacy. Topline results were expected in fall 2026. The enema contains rifamycin sodium, which has antibiotic and anti-inflammatory properties, and is formulated to transform into a bio-adhesive gel for targeted delivery to the distal colon and rectum; the formulation also uses precision delivery, mucosal adherence and a neutral pH and is designed to improve local efficacy and tolerability. Cosmo says it has the potential to be a first-in-class advancement in topical treatment of these conditions. The announcement notes that current options are constrained by suboptimal topical efficacy or unnecessary systemic exposure, that topical rectal therapies have seen limited innovation, and that no new treatments have been approved for several years in the United States. It also states that patients with proctitis are commonly excluded from Phase III ulcerative-colitis therapy programs and are therefore not specifically represented in those products’ approved labels. [S17]","Whether rifamycin enema is in the same mechanistic class as RpoB, and whether other agents in that same class are being developed for distal ulcerative colitis; RpoB’s mechanism or target, route, dose and schedule, development stage, trial and registry ID, enrolment and eligibility, regulatory designations, and reported results; rifamycin enema’s actual topline results and trial outcomes.",,,,,,
q012,A,"Lenvatinib + Nofazinlimab pivotal, registrational, or Phase 3 trial in Unresectable or Metastatic Hepatocellular Carcinoma: planned or initiated status and expected start date","**12 December 2019**: Phase 3 registrational trial CS1003-305 (NCT04194775) initiated; GuidelineCentral gives this start date, while ClinicalTrials.gov and the AllTrials tracker give 13 December 2019. ClinicalTrials.gov lists the trial as active, not recruiting, with status verified in June 2026. [S20][S12][S14][S19][S11]",A separate planned or expected start date; the available start dates are actual or listed study-start dates and differ by one day. Status updated after June 2026.,,,,,,
q012,B,,"**December 12, 2019**: CS1003-305/NCT04194775, the global multi-regional Phase III registrational trial of nofazinlimab plus lenvatinib, started; ClinicalTrials.gov lists the actual start as December 13, 2019. The trial is active, not recruiting [S11][S12][S19][S20].",The expected or planned start date; the sources give conflicting actual start dates instead.,,,,,,
q012,C,,"The Phase 3 trial NCT04194775 was initiated on December 13, 2019, and is active, not recruiting. [S5][S10][S1][S6]",nothing,,,,,,
q012,D,,"The Phase 3 trial NCT04194775 started on December 13, 2019, and was active, not recruiting in its July 30, 2026 update. [S1][S6]","A separately stated expected start date; the items provide the actual start date, December 13, 2019.",,,,,,
q015,A,GFH375/VS-7375 in vivo monotherapy tumour growth inhibition TGI tumour regression tumour shrinkage in KRAS G12D-Mutated/MTAP-Deleted Pancreatic Ductal Adenocarcinoma animal models,"VS-7375 monotherapy produced dose-dependent tumor-growth inhibition after oral dosing in KRAS G12D-mutant human cancer models, including pancreatic cancer; the preclinical poster also reports regressions across multiple KRAS G12D-mutant cancer models and a >30% reduction in a KRAS G12D-mutant xenograft, without identifying that xenograft as pancreatic or MTAP-deleted. [S7] In the KP4 KRAS G12D pancreatic cancer model, VS-7375 at 50 mg/kg twice daily orally produced tumor regression through day 9, initially similar to zoldonrasib at 100 mg/kg once daily orally and daraxonrasib at 25 mg/kg once daily orally, then sustained regression to a mean tumor volume of approximately 80 mm³ by day 30. The comparator-treated tumors grew to a mean volume above 850 mm³ by day 30; the 2026 AACR abstract places their loss of activity at approximately 20 days, while the 2025 AACR abstract says approximately two weeks. [S16][S17] In MTAP-deleted/KRAS G12D-mutant PDAC tumor-model plots, a VS-7375 monotherapy group is shown at 50 mg/kg twice daily. [S15]",The evidence does not establish that the KP4 or other reported monotherapy regression results were from MTAP-deleted models. It does not state the monotherapy TGI percentage or quantify tumor regression/shrinkage in the MTAP-deleted/KRAS G12D PDAC models; the specific model identities and their monotherapy outcome values are also unstated.,,,,,,
q015,B,,"In KP4 KRAS G12D-mutated/MTAP-deleted pancreatic tumors, VS-7375 monotherapy was tested at 50 mg/kg orally twice daily; the study had 8 mice per group. [S5]","The monotherapy tumour growth inhibition, tumour regression or tumour shrinkage results, including their magnitude and time course, are not stated.",,,,,,
q015,C,,"In the MTAP-deleted/KRAS G12D-mutant PDAC work, VS-7375 monotherapy induced tumor regression in KP4 xenografts. [S12] In the KP4 KRAS G12D pancreatic cancer model, VS-7375 at 50 mg/kg twice daily orally showed initial regression through day 9 and sustained regression, with mean tumor volume of approximately 80 mm³ by day 30. [S16][S17]",Whether the quantified 50 mg/kg KP4 result is specifically from an MTAP-deleted model; numeric TGI or percentage/absolute shrinkage and a monotherapy dose specifically linked to the MTAP-deleted KP4 experiment.,,,,,,
q015,D,,(EMPTY: No data available),The in vivo monotherapy TGI magnitude and whether VS-7375 caused tumour regression or tumour shrinkage in KRAS G12D-mutated/MTAP-deleted PDAC animal models.,,,,,,
q022,A,"competing agents in the same mechanistic class for this indication Novel UC Treatment, Cosmo Health, Distal Ulcerative Colitis",(EMPTY: No data available),"Novel UC Treatment’s mechanism or therapeutic class and target; competing agents in that same class for distal ulcerative colitis and their stated profiles; Novel UC Treatment’s route, dose and schedule, development stage, trial and registry identifier, enrolment and eligibility, regulatory designations, and reported results.",,,,,,
q022,B,,(EMPTY: No data available),Novel UC Treatment’s mechanism or mechanistic class; which agents share that class and compete for distal ulcerative colitis; and the development stage and reported results of any such agents.,,,,,,
q022,C,,(EMPTY: No data available),"Novel UC Treatment’s mechanistic class or target, and the agents in that same class for distal ulcerative colitis.",,,,,,
q022,D,,(EMPTY: No data available),"The subject’s mechanism or mechanistic class, needed to identify agents in the same class; competitors tied to that class for distal ulcerative colitis.",,,,,,
q026,A,BM-013 first regulatory approval or market launch year in acute myeloid leukemia,(EMPTY: No data available),BM-013’s first regulatory approval year or market launch year in acute myeloid leukemia.,,,,,,
q026,B,,(EMPTY: No data available),BM-013’s first regulatory approval year or market launch year in acute myeloid leukemia.,,,,,,
q026,C,,(EMPTY: No data available),BM-013’s first regulatory approval year or market launch year in acute myeloid leukemia; whether BM-013 is being developed or marketed for acute myeloid leukemia.,,,,,,
q026,D,,(EMPTY: No data available),BM-013's first regulatory approval year or market launch year in acute myeloid leukemia.,,,,,,
q029,A,TP-317 in vivo monotherapy tumour growth inhibition TGI tumour regression tumour shrinkage in Pancreatic ductal adenocarcinoma animal models,(EMPTY: No data available),"TP-317’s in vivo monotherapy activity in pancreatic ductal adenocarcinoma animal models, including tumour growth inhibition, tumour regression, and tumour shrinkage; the cited KPC-luc result does not identify TP-317 as the treatment.",,,,,,
q029,B,,(EMPTY: No data available),"TP-317-specific in vivo monotherapy tumour growth inhibition, tumour regression, or tumour shrinkage results in pancreatic ductal adenocarcinoma animal models, including the KPC model.",,,,,,
q029,C,,"In subcutaneous KRAS-mutant KPC tumors (N=10/group), TP-317 monotherapy at 7.5 µg Q6D yielded tumor volumes of 500 ± 110 mm³ versus 1,314 ± 106 mm³ with placebo (p<0.001); TP-317 was described as comparable to anti-PD1. [S1] The grant specified KPC and patient-derived xenograft mouse models for assessment and a Phase I milestone of improved survival and greater than 25% tumor-volume improvement with TP-317 monotherapy or a combination arm versus placebo or an active comparator; this is a milestone, not an observed result. [S5][S7]","The KPC result does not give a TGI percentage, baseline tumor volume, or the measurement timepoint, and does not state whether tumors regressed or shrank from baseline. TP-317 monotherapy readout details for the Panc02 model and the patient-derived xenograft model are also absent, including tumor-volume results and whether regression or shrinkage occurred.",,,,,,
q029,D,,"The abstract studied subcutaneous murine Panc02 and KPC pancreatic tumors. In KRAS-mutant KPC tumors (N=10/group), TP-317 monotherapy (7.5 µg Q6D) produced tumor volumes of 500 ± 110 mm³ versus 1,314 ± 106 mm³ with placebo (p<0.001), with significant antitumor activity and activity comparable to anti-PD1. [S1] A Phase I plan proposed assessing TP-317 in KPC and patient-derived xenograft models, with a milestone of greater than 25% tumor-volume improvement for a monotherapy or combination arm versus placebo or an active comparator; this is a planned milestone, not an observed result. [S5][S7]",An explicit TGI percentage or calculation; whether TP-317 caused tumor regression or shrinkage in the KPC model; the timepoint for the reported KPC tumor-volume measurements; and model-specific observed efficacy results for Panc02 or the patient-derived xenograft model.,,,,,,
q031,A,SPR2015 in vivo single-agent monotherapy tumour growth inhibition TGI tumour regression or shrinkage in Pancreatic ductal adenocarcinoma (PDAC) animal models,"In mouse PDAC/NSCLC xenograft models, SPR2015 inhibited tumour growth at 10 mg/kg and achieved tumour regression at 30 mg/kg, with both doses given orally once daily. [S14]",The specific PDAC xenograft model or cell line; the magnitude of tumour growth inhibition and the extent or frequency of regression; and confirmation that the reported PDAC efficacy was from single-agent treatment rather than a combination arm.,,,,,,
q031,B,,(EMPTY: No data available),"SPR2015-specific in vivo monotherapy TGI, tumour regression or shrinkage results in PDAC animal models, including the PDAC model(s) and any quantified effects, are not established by the cited xenograft evidence.",,,,,,
q031,C,,"In mouse PDAC/NSCLC xenograft models, SPR2015 inhibited tumour growth at 10 mg/kg orally q.d. and achieved tumour regression at 30 mg/kg orally q.d. [S14]",Whether these PDAC xenograft efficacy results were from single-agent monotherapy; PDAC-specific TGI magnitude and regression measurements; the identity of the PDAC model(s) and results separated from the NSCLC models.,,,,,,
q031,D,,(EMPTY: No data available),"Whether SPR2015 demonstrated tumour growth inhibition, regression or shrinkage specifically in PDAC animal models; the PDAC model identities and any quantitative efficacy results, doses or schedules.",,,,,,
q033,A,DXP-007 sponsor development stage indication public source,Singlomics’ pipeline identifies DXP-007 as a TREM-1-targeting monoclonal antagonist antibody. It calls TREM-1 an important amplifier of myeloid immune-driven inflammation and mentions inflammatory bowel disease (IBD) in the TREM-1 text. [S15],"The sponsor of DXP-007, its development stage, and an explicit indication for DXP-007 are not stated.",,,,,,
q033,B,,(EMPTY: No data available),"DXP-007’s sponsor, development stage, indication, and a public source addressing these details.",,,,,,
q033,C,,(EMPTY: No data available),"DXP-007's sponsor, development stage, indication, and a public source supporting these details.",,,,,,
q033,D,,A public pipeline page lists DXP-007 as a TREM-1-targeting monoclonal antagonist antibody. [S15],"The sponsor of DXP-007, its development stage, and its indication are not explicitly stated. The page mentions TREM-1 in connection with inflammatory bowel disease, but does not explicitly identify that as DXP-007’s indication.",,,,,,
q040,A,Active Ulcerative Colitis Moderate to Severe Ulcerative Colitis competing agents in the same mechanistic class as CHST15 Oligonucleotide Small Interfering RNA therapies,(EMPTY: No data available),no web evidence passed the filter,,,,,,
q040,B,,"GUT-1, previously called STNM01, is a CHST15-targeting double-stranded RNA/silencing oligonucleotide that reduces CHST15 expression and is intended to inhibit mucosal inflammation and fibrosis. [S7][S4][S5] In a Phase IIa study of moderate-to-severe left-sided UC, 28 patients were screened and 24 were randomized 1:1:1 to a single injection of 250 nM GUT-1, 25 nM GUT-1 or placebo; participants were aged 18–65 years and recruited from five centres in Germany. The primary endpoint was endoscopic improvement at weeks 2 and 4. [S7][S5] At 250 nM, endoscopic improvement was 71.4%, clinical remission 57.1% and histological improvement 42.9%; the reported placebo rates for those outcomes were 28.6%, 14.3% and 0%, respectively. Endoscopic improvement was 0% at 25 nM. [S7][S4][S5] CHST15-positive areas in the 250 nM arm were 19.7% (95% CI 17.0%–22.5%) at baseline, 11.5% (95% CI 6.5%–16.5%) at week 2 and 8.4% (95% CI 3.1%–13.7%) at week 4, a reported drop of more than 50% from baseline to week 4. In the 25 nM arm, the corresponding values were 19.6% (95% CI 15.2%–24.1%), 14.7% (95% CI 10.6%–18.7%) and 14.0% (95% CI 7.7%–20.2%). [S5] Two hours after injection, plasma GUT-1 was below the LLOQ of 0.5 ng/ml in all treatment groups, and both doses were generally well tolerated. [S5] A Phase I study of STNM01 in 18 patients with Crohn’s disease assessed safety; most recipients had reduced endoscopic inflammation versus placebo, and histological analyses indicated reduced tissue fibrosis. [S10][S5]","Other competing agents in this same mechanistic class for active moderate-to-severe UC, including their names, sponsors, mechanisms, UC indications, development stages and reported results; the registry identifier for the GUT-1 Phase IIa UC study; GUT-1’s regulatory designations.",,,,,,
q040,C,,"GUT-1, previously called STNM01, is a synthetic double-stranded RNA oligonucleotide that selectively inhibits CHST15 through siRNA mechanisms. [S1][S2][S5][S6] In vitro, it suppressed CHST15 mRNA dose-dependently and reduced vimentin, α-SMA and Wnt3 mRNA in a TGF-β-stimulated human fibroblast cell line. [S1] A Phase I study of STNM01 in 18 patients with Crohn’s disease found that most recipients showed reduced endoscopic inflammation versus placebo, and histological analyses showed reduced tissue fibrosis; the study demonstrated safety. [S5][S10]

In active UC, the randomized, double-blind, placebo-controlled Phase 2a induction study enrolled adults aged 18–65 with moderate-to-severe left-sided disease refractory to conventional treatment, including patients with prior biologic treatment and endoscopic lesions with MES ≥2. It screened 28 patients and randomized 24 in a 1:1:1 allocation to a single 25 nM or 250 nM dose of GUT-1 or placebo, delivered by endoscopic submucosal injection at five centres in Germany; endoscopic improvement at weeks 2 and 4 was the primary endpoint. [S1][S3][S5][S6] At 250 nM, endoscopic improvement was 71.4%, clinical remission 57.1% and histological improvement 42.9%; at 25 nM, each was 0%; with placebo, the respective rates were 28.6%, 14.3% and 0%. [S3][S5][S6] In the 250 nM arm, CHST15-positive area was 19.7% (95% CI 17.0%–22.5%) at baseline, 11.5% (95% CI 6.5%–16.5%) at week 2 and 8.4% (95% CI 3.1%–13.7%) at week 4. At 25 nM, it was 19.6% (95% CI 15.2%–24.1%), 14.7% (95% CI 10.6%–18.7%) and 14.0% (95% CI 7.7%–20.2%) at those timepoints. Two hours after injection, plasma GUT-1 was below the 0.5 ng/ml lower limit of quantification in all treatment groups; GUT-1 was well tolerated. [S1][S3][S5][S6]

A separate open-label study gave 250 nM GUT-1 by submucosal injection at weeks 0, 2 and 4 to five patients with moderate-to-severe UC who had lost response to maintenance anti-TNF antibody treatment. At week 6, endoscopic improvement was 80% (4/5), clinical response 100% and clinical remission 60% (3/5). Three patients had no clinical recurrence for 52 weeks, and all three corticosteroid-dependent patients had no corticosteroid exposure for at least 24 weeks after achieving remission. [S2]

Other named UC treatments in the evidence include tofacitinib, a JAK1/JAK3 inhibitor approved for moderate-to-severe UC, with efficacy described as comparable to biologics in TNF-α-inhibitor-naive UC and superior to placebo; ozanimod, approved for moderate-to-severe UC and described as most effective for inducing mucosal healing; and PF-00547659, a fully human monoclonal antibody targeting MAdCAM-1 that selectively reduces lymphocyte gut homing in moderate-to-severe UC. [S7] Infliximab is described as having the highest clinical response and remission rates for induction in moderate-to-severe UC. Vedolizumab and ustekinumab are described as favored for safety and gut selectivity after anti-TNF failure or intolerance; in UC, vedolizumab showed higher clinical remission, endoscopic improvement and histological remission than adalimumab in the VARSITY study. [S4][S7]","No distinct competing CHST15-targeting siRNA or oligonucleotide agent is named beyond GUT-1/STNM01; GUT-1's Phase 2a registry identifier and regulatory designations; development stage and agent-specific trial, enrolment and results details for the named non-CHST15 UC alternatives where not stated.",,,,,,
q040,D,,"GUT-1 is a synthesized double-stranded RNA oligonucleotide that selectively inhibits CHST15 through siRNA mechanisms. In active ulcerative colitis it is a Phase 2a induction therapy delivered by submucosal injection; 250 nM reduced CHST15 expression significantly and suppressed mucosal inflammation and fibrosis, and its application was well tolerated. [S12][S16] Other named ulcerative-colitis programmes include AMT-101 plus adalimumab, an IL-10 fusion protein plus a TNF antagonist, in Phase 2a studies LOMBARD (NCT04583358) and MARKET (NCT05372939); both were completed by July 2022, and LOMBARD failed its primary endpoint. [S14] Izencitinib (TD-1473), a gut-selective pan-JAK inhibitor, was in Phase 2b/3 studies NCT03758443 (RHEA) and NCT03920254; development was terminated in October 2021 based on interim analysis. Oncostellae (OST-122), an oral gut-restricted JAK3/TYK2/ARK5 inhibitor, was in Phase 1b/2a study NCT04353791, completed in December 2022, and development was not pursued further. Etrolizumab, a gut-targeted anti-β7 integrin monoclonal antibody, was in Phase 2/3 studies; its programme was terminated in 2023 after it failed to show benefit versus comparators. Emvistegrast (GS-1427), an oral α4β7 integrin inhibitor, is in Phase 2 study NCT06290934, with primary completion listed as October 2025 and final completion as February 2027. Omilancor (BT-11) is a first-in-class oral gut-restricted LANCL2 agonist; Phase 2 study NCT03861143 completed in June 2021, with remission of 30.4% versus 3.7% for placebo. LYS006 is a highly potent selective LTA4H inhibitor in Phase 2 study NCT04074590; it was terminated in November 2022 due to strategic considerations. Itacitinib (INCB039110) is a JAK1 inhibitor developed for moderate-to-severe ulcerative colitis. [S17]","No other named CHST15-targeting or siRNA-mechanism competing agent is established in the cited material. For GUT-1, a registry identifier, enrolment, eligibility criteria, dosing schedule, regulatory designations, and clinical endpoint results or endpoint status are not stated. For the named competing programmes, sponsor information and enrolment/eligibility are not stated; individual NCT identifiers for etrolizumab and itacitinib's clinical stage, trial identifiers, and results are also not stated.",,,,,,
q044,A,"Inflammatory Bowel Disease competing agents in the same mechanistic class as GPR52 Prostaglandin E2 Receptor EP4, including Small Molecule therapies","NXE0033744 (NXE’744; also HTL0033744/HTL’744) is Nxera’s potent, selective, gut-restricted EP4 agonist for inflammatory bowel disease (IBD); Nxera calls it a first-in-class GI-targeted agent intended to promote mucosal healing. The proposed rationale is combined anti-inflammatory and barrier-repair effects. Nxera says approved IBD agents are immunomodulatory and do not directly target disease-induced mucosal barrier defects, and that current standard-of-care agents have treatment ceilings of about 40% response rates. Previous attempts to agonise EP4 showed early clinical efficacy signals but were limited by systemic safety; no concerning adverse events had been noted for NXE’744 at the time of the R&D presentation. [S12][S13] NXE’744’s Phase 1 trial began with first-subject dosing; Nxera later reported Phase 1 completed successfully, early efficacy signals in an indomethacin challenge study, and Phase 2 readiness. The R&D presentation said activities to support a Phase 1B/II study start were underway, including additional cohorts such as sigmoidoscopy under the FIH umbrella. A January 2025 presentation had planned a Phase 2 study start in H2 2025; a March 2026 presentation instead described the programme as Phase 2-ready. Nxera also said it was in active discussions with six potential partners for a 2026 licence deal. [S11][S13][S19] Nxera’s NXE0027477 (NXE-477) is an oral, highly selective GPR35 agonist for IBD, described as clinic-ready and first-in-class; Nxera regained full ownership from GSK and said it would determine a further-development strategy that could include in-house development or re-partnering. [S12][S13][S15] PF-07054894 is listed as a CCR6 antagonist for IBD, with SME modality. [S19] A separate IBD-relevant EP4 programme reports lead compound 11a, a non-prostanoid, selective EP4 agonist chemotype optimized through structure-activity relationship studies. Compound 11a was profiled in a mouse pharmacokinetic study and showed efficacy in a mouse IBD model; blood exposure induced hemodynamic changes in mice, described as a known on-target effect of EP4 agonists in systemic circulation. [S18]","For NXE0033744: dose and schedule, administration route beyond the description “gut-restricted,” trial name or registry identifier, enrolment, eligibility, regulatory designations, and Phase 2 results. For NXE0027477/NXE-477: trial identifier, enrolment, eligibility, clinical results, and further development status beyond clinic-ready and the stated strategy decision. For PF-07054894: sponsor, development stage, trial and registry details, enrolment, eligibility, and results. For lead compound 11a: sponsor, human development stage or clinical trial details, and any human results.",,,,,,
q044,B,,"NXE’744 (NXE0033744; NXE744) is an oral, gut-restricted EP4 agonist being developed for inflammatory bowel disease. Its Phase 1 study, ISRCTN70080074, lists enrolment of up to 220; Phase 1 has been completed and Phase 2 is ready to initiate. The SAD/MAD studies were completed with no concerning adverse events and no systemic exposure observed; high gut-tissue concentrations were measured after oral dosing. A UC patient cohort completed dosing (n=6), with interim analysis confirming high gut-tissue concentrations. The completed indomethacin-challenge cohort’s interim analysis showed an approximately 50% reduction in indomethacin-induced permeability in the NXE’744 treatment group, described as highly significant and confirming target engagement in the small intestine; no increase in subjects was needed. The presentation gave the final data read-out timing as by March 2026. [S1] The company said the first subject had been dosed in the Phase 1 trial and described NXE’744 as designed to promote healing of damaged epithelial mucosa and suppress exaggerated gut inflammation with minimal systemic exposure. [S7] A February 2025 presentation listed a Phase 2 study start in IBD. [S10]","Named competing agents for IBD that share the EP4 mechanism/class, including any small-molecule agents, and each competitor’s sponsor, mechanism/class, indication, development stage, trial and results; NXE’744’s dose and schedule, study eligibility details, and regulatory designations.",,,,,,
q044,C,,"NXE0033744, also called NXE’744, is a small-molecule EP4 agonist for inflammatory bowel disease (IBD); it is gut-restricted and described as potent and selective. A Phase 1 trial began with the first subject dosed, and the program was listed as Phase 1 in 2025; by 2026 the Phase 1 trial had completed successfully and NXE’744 was Phase 2-ready. An indomethacin challenge study showed early efficacy signals. No concerning adverse events had been noted to date, and additional Phase 1b/II-start activities included cohorts such as sigmoidoscopy under the first-in-human umbrella. [S11][S19][S13][S12] Nxera’s presentation says current approved IBD agents are immunomodulatory, have treatment-response ceilings of about 40%, and do not directly target disease-induced mucosal-barrier defects; it says EP4 agonists are expected to support mucosal healing through anti-inflammatory and barrier-repair effects. It also notes that previous EP4-agonist attempts showed early clinical-efficacy signals but were limited by systemic safety. [S13] Other IBD agents in the evidence include NXE0027477/NXE-477, a selective, oral GPR35 agonist described as clinic-ready and in development for IBD; Nxera calls it first-in-class. [S13][S12] PF-07054894 is listed as a small-molecule CCR6 antagonist for IBD. [S19] Lead compound 11a is a non-prostanoid, selective EP4 agonist studied for IBD: it was profiled in a mouse pharmacokinetic study, showed efficacy in a mouse IBD model, and induced hemodynamic changes in mice. [S18] NXE’732/NXE0039732 is a small-molecule EP4 antagonist for advanced solid tumours/immuno-oncology; its Phase 2a was ongoing, with interim data expected in H2 2026. ONO-4578 is also identified as an EP4 antagonist; it met the primary endpoint in a Phase 2 trial and showed early efficacy signals including two partial responses. [S11][S19]","For NXE0033744: route, dose and schedule; trial name or registry identifier, enrolment and eligibility; regulatory designations. For the competing agents: trial identifiers, enrolment, eligibility and detailed clinical results or development stage where not stated, including for PF-07054894 and compound 11a. Head-to-head comparative efficacy or safety data are not stated.",,,,,,
q044,D,,"NXE0033744, also called NXE’744 and NXE-744, is Nxera’s oral, gut-restricted, small-molecule prostaglandin EP4 receptor agonist for IBD; Nxera calls it a first-in-class GI-targeted agent intended to promote mucosal healing. [S1][S5][S7] Its first-in-human Phase 1 trial was described as randomized and double-blind, assessing safety, pharmacokinetics and pharmacodynamic biomarkers after single and multiple ascending doses in adult healthy volunteers and people with Crohn’s disease, and was to be conducted in the UK. The first subject was dosed on March 21, 2024. [S4] The trial listing gives enrolment of up to 220 and registry identifier ISRCTN70080074. [S1] Nxera’s presentation says Phase 1 completed successfully and Phase 2 was ready to initiate, while its pipeline page lists the candidate at Phase 1. [S1][S5] Nxera reported that the single- and multiple-ascending-dose studies were complete, with no concerning adverse events and no systemic exposure; high gut-tissue concentrations following oral dosing supported the gut-restricted profile. Its ulcerative-colitis cohort completed dosing (n=6), with interim analysis confirming high gut-tissue concentration. [S1] The indomethacin-challenge cohort and interim analysis were complete; the treatment group showed a highly significant approximately 50% reduction in indomethacin-induced permeability, which Nxera said confirmed target engagement in the small intestine. The presentation stated that final data read-out was due by March 2026. [S1] The March 2024 announcement anticipated initial data read-outs from 2025. [S4]","Other named IBD competing agents, including other EP4 agonists or small-molecule therapies, and their mechanisms/classes, indications, stages, trials, enrolment and results; NXE0033744’s dose and schedule; its regulatory designations; and final trial results and endpoint status beyond the interim findings stated above.",,,,,,
q045,A,BMF-500 first regulatory approval or market launch year in acute myeloid leukemia,(EMPTY: No data available),BMF-500’s first regulatory approval year or market launch year in acute myeloid leukemia.,,,,,,
q045,B,,Biomea had not received marketing approval for any product candidate and had no products approved for commercial sale; BMF-500 was in Phase 1. [S5][S1],A market-launch year or confirmation that BMF-500 has launched; a year for any future first approval or launch.,,,,,,
q045,C,,(EMPTY: No data available),BMF-500’s first regulatory approval year or market launch year in acute myeloid leukemia.,,,,,,
q045,D,,Biomea Fusion has not received marketing approval for any product candidate; BMF-500’s first-approval-date field is “-”. [S5][S1],BMF-500’s first regulatory approval year and market-launch year are not stated.,,,,,,
q053,A,ADT-1004 in vivo single-agent monotherapy tumour growth inhibition TGI tumour regression or shrinkage in Pancreatic ductal adenocarcinoma animal models,"In orthotopic PDAC mouse models, ADT-1004 significantly inhibited tumour growth in KPC-luc and 2838c3-luc models at 10–50 mg/kg orally, once or twice daily, 5 days per week for 27 consecutive days. In the KPC-luc experiment, mice received vehicle or ADT-1004 by once-daily oral gavage at 10–50 mg/kg, 5 days per week; treatment began on day 0 after imaging and randomisation, and mice were euthanised on day 27 for tumour-growth assessment by bioluminescence and tumour weight. The paper describes this as once daily, whereas MedChemExpress gives once or twice daily. [S11][S14] ADT-1004 also inhibited tumour growth in an orthotopic KRAS G12D PDAC model in C57BL/6J mice at 40 mg/kg orally once daily, 5 days per week for 28 days. [S11] In subcutaneous NSG-mouse PDX models with KRAS G12D, G12V, G12C or G13Q mutations, 40 mg/kg orally once daily, 5 times per week inhibited tumour growth; a treatment duration is not specified. [S11][S14] In NSG mice bearing parental or sotorasib/adagrasib-resistant KRAS G12C PDAC, 40 mg/kg orally once daily, 5 days per week for 31 days inhibited tumour growth. [S11] The study also reports suppressed tumour growth in PDX models with those four KRAS mutations, superior efficacy over sotorasib and adagrasib in models resistant to those inhibitors and MRTX1133-resistant KRAS G12D cells, and no impact on growth of RAS WT BxPC-3 PDAC tumours. [S14] In cell-derived xenograft experiments, MIA PaCa-2, MIA-AMG-Res and BxPc-3 models received vehicle, ADT-1004 (40 mg/kg), sotorasib (40 mg/kg) or adagrasib (40 mg/kg); the BxPc-3 experiment used vehicle or ADT-1004, with n=5 stated for the groups. [S16]<br>**AACR 2024** ADT-1004 was reported to produce profound tumour regression in animal models, with no impact on body weight; the model, dose and regression magnitude are not specified. [S12]<br>**EORTC-NCI-AACR 2024** ADT-1004 was administered orally at 40 mg/kg, 5 times per week for 4 weeks; tumour growth was suppressed in KRAS-mutant PDAC models, with inhibition of ERK phosphorylation and no discernible toxicity. [S12]","Model-specific quantitative tumour-growth inhibition, tumour-volume change or regression/shrinkage measurements and criteria; the animal model, regimen and magnitude associated with the reported profound tumour regression; and the treatment duration for the subcutaneous PDX regimen.",,,,,,
q053,B,,"Oral ADT-1004 at 40 mg/kg caused substantial growth inhibition and profound regression of KRAS-G12D and KRAS-G12V tumors, without accompanying body-weight loss. [S7] In PDAC experiments, KRAS-G12D murine cells (KPC-luc or 2838c3-luc) were implanted orthotopically in C57BL/6J mice, and four KRAS-mutant PDAC PDX tumors were implanted subcutaneously in NSG mice; ADT-1004 inhibited tumor growth in these models. [S1][S2] ADT-1004 suppressed PDX tumors with KRAS-G12D, G12V, G12C and G13Q mutations. [S1][S2] A review instead lists G12Q among the responsive mutations. [S5] Doses of 20–50 mg/kg produced comparable statistically significant reductions in tumor weight versus vehicle or 10 mg/kg ADT-1004; oral 40 mg/kg significantly reduced tumor growth by bioluminescence imaging and tumor weight versus vehicle, without differences in body weight. [S1] In orthotopic and PDX PDAC models, daily oral ADT-1004 significantly inhibited tumor growth. [S10] In NSG mice with parental MIA PaCa-2 tumors, ADT-1004, sotorasib and adagrasib were each given at 40 mg/kg once daily, 5 times weekly; each treatment produced comparable decreases in tumor volume and final tumor weight. ADT-1004 also showed greater efficacy than sotorasib and adagrasib in resistant tumor models, including models with MRTX1133-resistant KRAS-G12D mutant cells. [S1][S2][S3] ADT-1004 did not affect growth of tumors from RAS-wild-type PDAC cells, including BxPC3; murine RAS-driven PDAC models also showed robust, durable antitumor activity at well-tolerated doses. [S2][S6]","Exact percentage tumor-growth inhibition and quantitative tumor-regression or shrinkage measurements; the number of animals or tumors that regressed; and model-specific treatment schedules beyond the stated 40 mg/kg once-daily, 5-times-weekly MIA PaCa-2 experiment.",,,,,,
q053,C,,"ADT-1004 treatment significantly inhibited tumor growth in mouse PDAC models. In orthotopic models using KRAS^G12D^ murine PDAC cells (KPC-luc or 2838c3-luc) implanted in C57BL/6J mice, and in subcutaneous KRAS-mutant PDX tumors implanted in NSG mice, most treated mice had reduced bioluminescence versus vehicle; doses of 20–50 mg/kg produced comparable statistically significant tumor-weight reductions versus vehicle or 10 mg/kg. Oral 40 mg/kg also significantly reduced tumor growth by bioluminescence and tumor weight versus vehicle, without differences in body weight. PDX activity was reported for KRAS^G12D^, KRAS^G12V^, KRAS^G12C^ and KRAS^G13Q^ tumors; a review table instead lists KRAS^G12Q^. [S1][S2][S5] An abstract reports that oral 40 mg/kg caused substantial growth inhibition and profound tumor regression in KRAS-G12D and KRAS-G12V tumors, without accompanying body-weight loss. [S7] At oral 40 mg/kg, ADT-1004 also showed antitumor activity in mouse- or patient-derived PDAC models with KRAS^G12D^, KRAS^G12V^, KRAS^G12C^ or KRAS^G13Q^ mutations. [S9] In subcutaneous parental MIA PaCa-2 xenografts in NSG mice, once-daily 40 mg/kg, 5 days/week, produced tumor-volume and final-tumor-weight decreases comparable to those with sotorasib or adagrasib, each given at the same dose and schedule. [S1] ADT-1004 did not affect growth of RAS-wild-type PDAC tumors, including tumors from the BxPC3 cell line described as driven by a downstream BRAF mutation. [S2][S6]",Numerical TGI percentages or tumor-volume reduction magnitudes; quantified regression/shrinkage rates and their definitions; response timepoints or duration; and animal numbers for the reported outcome groups. The KRAS mutation listing differs between the primary article (G13Q) and a review table (G12Q).,,,,,,
q053,D,,"ADT-1004 suppressed tumor growth in orthotopic mouse PDAC models KPC-luc and 2838c3-luc; the KPC-luc model carried KRAS G12D and p53 R172H mutations. In the described KPC-luc experiment, mice received oral ADT-1004 once daily at 10–50 mg/kg, 5 days per week, from day 0 until euthanasia on day 27; tumor effects were assessed by bioluminescence and tumor weight. A separate summary lists 10–50 mg/kg orally once or twice daily, 5 days per week for 27 days, for orthotopic KPC-luc and 2838c3-luc models. [S14][S11] ADT-1004 also inhibited growth in subcutaneous PDAC PDX models in NSG mice carrying KRAS G12D, G12V, G12C, or G13Q mutations; the listed regimen was 40 mg/kg orally once daily, 5 days per week. [S14][S11] In subcutaneous MIA PaCa-2 xenografts, including parental and sotorasib/adagrasib-resistant KRAS G12C models, ADT-1004 inhibited tumor growth; it showed superior efficacy to sotorasib and adagrasib in resistant tumor models. The xenograft study summary lists vehicle, ADT-1004, sotorasib, and adagrasib groups (n=5) and oral dosing at 40 mg/kg, 5 days per week for 4 weeks. [S14][S16][S12][S11] ADT-1004 did not affect growth of RAS-wild-type BxPC-3 PDAC tumors. [S14][S16] **AACR 2024** The presentation claims ADT-1004 produced “profound tumor regression” in animal models. [S12] **EORTC-NCI-AACR 2024** The presentation reports suppressed growth of KRAS-mutant PDAC tumors with oral ADT-1004 at 40 mg/kg, 5 days per week for 4 weeks. [S12]",Numerical TGI estimates and their denominators or statistical comparisons; quantified tumor regression or shrinkage and the specific model(s) in which regression occurred; model-specific tumor-volume and final tumor-weight results beyond the qualitative findings.,,,,,,
q056,A,"MNPS Asset planned or expected data readouts, regulatory submissions, regulatory decisions, and expected timing in Head and Neck Cancer",(EMPTY: No data available),"MNPS-specific planned or expected data readouts, regulatory submissions, regulatory decisions, and their expected timing in head and neck cancer.",,,,,,
q056,B,,(EMPTY: No data available),no web evidence passed the filter,,,,,,
q056,C,,(EMPTY: No data available),"MNPS-specific planned or expected data readouts, regulatory submissions, regulatory decisions, and their expected timing in head and neck cancer.",,,,,,
q056,D,,(EMPTY: No data available),"MNPS-specific planned or expected data readouts, regulatory submissions, regulatory decisions, and their expected timing in head and neck cancer.",,,,,,
q060,A,EOM613 sponsor development stage indication public source,"For Crohn’s disease, EOM Pharmaceutical Holdings completed EOM613 IND-enabling toxicology and dosing preclinical animal studies in 2025 and planned an exploratory Phase II trial. Its January 7, 2026 release anticipated initiation in Q1 2026; its May 27, 2026 update anticipated an exploratory, open-label trial in Q4 2026, enrolling 15–20 people with moderate to severe Crohn’s disease who had failed or could not tolerate at least one conventional therapy, with EOM613 monotherapy. [S1][S2]","Whether the Crohn’s disease trial had actually initiated by October 6, 2026, and its current registry/status information.",,,,,,
q060,B,,EOM Pharmaceutical Holdings said it was preparing to initiate an EOM613 clinical program in Crohn’s disease. [S15][S6],"Whether the clinical program has since been initiated and EOM613’s current development stage as of 2026-10-06, including its clinical phase or trial details.",,,,,,
q060,C,,EOM Pharmaceutical Holdings said it was preparing to initiate an EOM613 clinical program for Crohn’s disease following Brazilian clinical-trial results. [S15][S6],"The Crohn’s disease program’s clinical phase and trial details, and whether it had actually begun by 2026-10-06.",,,,,,
q060,D,,"EOM completed IND-enabling toxicological and dosing preclinical animal studies for EOM613 in 2025, with favorable results. It planned an initial Phase II exploratory trial for Crohn’s disease; a later update described the study as exploratory and open-label without restating its phase. EOM first anticipated initiation in the first quarter of 2026, then updated the expected timing to the fourth quarter of 2026. The planned study is to enroll 15–20 people with moderate to severe Crohn’s disease who failed or could not tolerate at least one conventional therapy, at sites in New Brunswick and Lakewood, NJ, under Arkady Broder, MD, Director of Gastroenterology at the St. Peter’s Healthcare System. The later update says the study will test for clinical and endoscopic remission with EOM613 monotherapy and measure C-reactive protein, calprotectin, and pro-inflammatory serum cytokines. [S1][S2]","Whether the Crohn’s disease trial had actually initiated by 2026-10-06, and the phase of the trial in the May 2026 update.",,,,,,
q061,A,FG-3149 sponsor development stage indication public source,(EMPTY: No data available),"FG-3149’s sponsor, development stage, indication, and a public source identifying these details are not stated.",,,,,,
q061,B,,"FG-3149 is identified as an anti-CTGF antibody supplied by FibroGen and was evaluated in TNBS-instilled Crohn’s-disease rats. The study used 40 mg/kg intraperitoneally every 3 days starting on the day of TNBS instillation, with treatment described over 7 days. [S15]",FibroGen’s role as sponsor (it is identified as supplier); a stated clinical development phase or stage beyond the rat-model evaluation; and a formal intended indication in humans.,,,,,,
q061,C,,"FG-3149 is an anti-CTGF antibody supplied by FibroGen, Inc.; it was studied in rat models of Crohn’s disease, including TNBS-induced colitis and Crohn’s-like colitis. [S15]","Whether FibroGen, Inc. is FG-3149’s development sponsor rather than its supplier; FG-3149’s formal development stage; and whether Crohn’s disease is an intended human indication rather than the subject of the cited animal-model research.",,,,,,
q061,D,,(EMPTY: No data available),"A public source naming FG-3149 and establishing its sponsor, development stage, and indication.",,,,,,
q062,A,"HDM-3018 sponsor Huadong Medicine Co. Ltd., development stage Preclinical, and indication Inflammatory Bowel Disease","HDM-3018 is associated with Huadong Medicine Co., Ltd., is at the preclinical stage, and has an indication of inflammatory bowel diseases. [S1]",nothing,,,,,,
q062,B,,"HDM3018 lists Huadong Medicine Co., Ltd. as its originator and organization. Its highest phase is Discontinued Preclinical; the Inflammatory Bowel Diseases programme is Preclinical in China, dated 20 Aug 2025. [S1]",nothing,,,,,,
q062,C,,"Huadong Medicine Co., Ltd. is listed as HDM-3018’s originator and active organization. HDM-3018 is at the preclinical stage for inflammatory bowel diseases in China; the indication entry is dated 20 Aug 2025. [S1]","Whether Huadong Medicine Co., Ltd. is specifically designated as the sponsor, rather than as the originator and active organization.",,,,,,
q062,D,,"HDM-3018 lists Huadong Medicine Co., Ltd. as its originator and organization. Its Inflammatory Bowel Diseases programme in China is listed as Preclinical, dated 20 Aug 2025; the indication is listed as inactive, and the drug’s highest phase is shown as Discontinued Preclinical. [S1]",nothing,,,,,,
